<?xml version="1.0" encoding="utf-8"?>
<widget id="asml.shiftscheduler.ShiftScheduler" pluginWidget="true" needsEntityContext="true" offlineCapable="true"
        supportedPlatform="Web"
        xmlns="http://www.mendix.com/widget/1.0/" xmlns:xsi="http://www.w3.org/2001/XMLSchema-instance"
        xsi:schemaLocation="http://www.mendix.com/widget/1.0/ ../node_modules/mendix/custom_widget.xsd">
    <name>Shift Scheduler</name>
    <description>A scheduler widget made for people working in shifts</description>
    <icon/>
    <properties>
        <propertyGroup caption="General">
            <property key="sampleText" type="string" required="false">
                <caption>Default value</caption>
                <description>Sample text input</description>
            </property>
        </propertyGroup>
    </properties>
</widget>